,lead_eta,lead_phi,sublead_eta,sublead_phi,Res_dijet_eta,Res_dijet_phi,Res_HHbbggCandidate_eta,Res_HHbbggCandidate_phi,Res_HHbbggCandidate_pt,Res_DeltaR_jg_min,Res_CosThetaStar_gg,Res_CosThetaStar_jj,Res_CosThetaStar_CS,lead_mvaID,n_leptons,n_jets,puppiMET_pt,puppiMET_phi,Njets2p5,Res_DeltaPhi_j1MET,Res_DeltaPhi_j2MET,Res_chi_t0,Res_chi_t1,Res_dijet_pt,Res_pholead_PtOverM,Res_phosublead_PtOverM,Res_FirstJet_PtOverM,Res_SecondJet_PtOverM,sigma_m_over_m,lead_r9,sublead_r9,Res_lead_bjet_btagPNetB,Res_sublead_bjet_btagPNetB
lead_eta,1.0,-0.01293782553872706,0.5662418426013898,-0.009156617818831397,0.0072959915109978195,0.0007305753610163166,0.015330090528856932,0.0006285877594249785,-0.0013999742922683198,0.0007339933529316718,0.0006523106640566905,0.0006831737926180968,0.003032986239918749,0.014518038842421862,8.818057078729816e-05,-0.003732548154827727,-0.0025076468503726166,0.003740336217250575,-0.0027841587632973833,0.0007549463143268574,0.0006629074117153134,-0.000508368672085854,-0.004811257786871748,0.00119176548368673,0.0006820150451319991,0.0006748145599840353,0.0027906478033219786,0.001609756463946724,-0.006397620232011807,-0.003343302108217721,0.0016478999317535122,0.000664440341798319,0.0006768604561151563
lead_phi,-0.01293782553872706,1.0,-0.00518034393025794,0.04068524831623227,-4.226670655402422e-05,-0.004760758943428148,-0.00016282601565742845,0.0026895099298952195,0.004365936077109891,-5.3133785984664866e-05,-5.9019467033352894e-05,-5.338143885502926e-05,-0.00011615941089938969,0.005310616887233901,0.002905961687226603,0.0015673970152497436,-0.0012593687468873,-0.06120763737961457,-0.00022787819783106605,2.8396489556543718e-05,-0.00011666009487145685,0.0006574599455985939,0.005164310711466407,0.0029549623785485486,-3.3022262127227107e-05,-5.431125631350406e-05,0.00546427524291009,0.002673904864448345,-0.0019004548780434893,0.0036801592258589237,0.0009727420330554978,-6.329351112503163e-05,-5.79675707877992e-05
sublead_eta,0.5662418426013898,-0.00518034393025794,1.0,-0.01184953384057235,0.00917053734316039,0.003325495249943105,0.016204979917820498,0.003331819873509833,0.0029301201368759334,0.0033565993430854585,0.0033780526593995062,0.003308432242931886,0.005397199871180718,0.008829664639201772,0.0009676678854137965,-0.002206066610424443,-0.001920092714650372,0.004250154330392332,0.0022073541042194043,0.003389827532288608,0.003307884855801174,0.0003977647610920707,-0.0005401517524213123,0.003379758580427992,0.0033387076022632833,0.003325109203918116,-0.0013414688124143638,0.001465051597181994,-0.005730323260061941,-0.0012581601685345016,-0.005298657436048746,0.0033286669817840877,0.0033346221253916413
sublead_phi,-0.009156617818831397,0.04068524831623227,-0.01184953384057235,1.0,-0.0017396793074639556,-0.004724329616130237,-0.0018152422535830243,-7.156700134723327e-05,-0.0018217541195877523,-0.0017472324467124657,-0.0017197131195155597,-0.0017363064154850842,-0.0017677608770416194,-0.003359530016482875,-0.0001270230644594949,0.0011006905442653115,-0.004681526431783233,-0.04609965668431178,0.000922451558304659,-0.0017679886703396497,-0.001709957671343215,-0.0002654599893872216,0.0028637108840665186,-0.002131195361330726,-0.0017262332188462896,-0.0017259300276977192,-0.004170976292175361,-0.001352436630128563,-0.0006472035157154035,0.0019972730897901297,0.002487628650398482,-0.001734608524145401,-0.001727782626207287
Res_dijet_eta,0.0072959915109978195,-4.226670655402422e-05,0.00917053734316039,-0.0017396793074639556,1.0,0.9997452184691469,0.9999164118060166,0.9997477089254433,0.6543378829098296,0.9998729406839704,0.9998874294494372,0.9998845470768978,0.9998505689001501,-0.002204008349332987,0.0012014061383284916,0.18563805008538045,0.00724618641571907,0.004670897615542751,0.18633108983257793,0.9997432397777314,0.9997639317418019,0.02026572546647969,0.014139738070718954,0.7400173357670532,0.9998814537297503,0.9998901188174637,0.0007948034149726414,-0.2028193384340724,0.00840989471622707,-0.005534068488046208,-0.006297143680110188,0.9998878920283272,0.9998851801916072
Res_dijet_phi,0.0007305753610163166,-0.004760758943428148,0.003325495249943105,-0.004724329616130237,0.9997452184691469,1.0,0.9996155594599311,0.9997861994496022,0.6543004380376627,0.9998333088789433,0.9998492767548701,0.9998455282810421,0.9998410031214506,-0.002234806550070601,0.0012394839310012709,0.18570217561708935,0.007370021612991628,0.005794461797503984,0.18639762756143877,0.9997025525420982,0.9997270958571749,0.02020282012470656,0.01420533393003012,0.739887839363697,0.9998425600123106,0.9998515319894777,0.0006406008812942627,-0.2028324273481443,0.00845627278162556,-0.005466673450769138,-0.006265634122017402,0.9998491916282073,0.9998474383147019
Res_HHbbggCandidate_eta,0.015330090528856932,-0.00016282601565742845,0.016204979917820498,-0.0018152422535830243,0.9999164118060166,0.9996155594599311,1.0,0.9996174593935743,0.6543491624618865,0.9997425063564382,0.9997574184973188,0.9997541996277071,0.9997404987357185,-0.0021358427709730486,0.0012127664621855896,0.18568180037900575,0.007321223153514753,0.004731691435025492,0.18639694080412095,0.9996129740253953,0.9996346891378165,0.020293818676342834,0.014154516569380967,0.7399026438605686,0.9997510984602257,0.9997597874647757,0.0007381719516331262,-0.20279850628876103,0.00835469001705275,-0.005562087322043581,-0.006330718369839761,0.9997577367515363,0.9997552613153087
Res_HHbbggCandidate_phi,0.0006285877594249785,0.0026895099298952195,0.003331819873509833,-7.156700134723327e-05,0.9997477089254433,0.9997861994496022,0.9996174593935743,1.0,0.6542728806767594,0.9998348824758744,0.9998499347404424,0.9998467878080733,0.9998405506287054,-0.002208343579446752,0.0012058797246431352,0.18561696731176383,0.007331884519265629,0.003246627047049665,0.1862712004232613,0.9997035253992913,0.9997276488927295,0.020183232973278824,0.01416705944388592,0.7399156709824882,0.9998438843837918,0.9998525292846364,0.000773474108748066,-0.20280158653040314,0.008359507484373046,-0.005460502614094274,-0.006290398815678545,0.9998499065295777,0.9998479498083186
Res_HHbbggCandidate_pt,-0.0013999742922683198,0.004365936077109891,0.0029301201368759334,-0.0018217541195877523,0.6543378829098296,0.6543004380376627,0.6543491624618865,0.6542728806767594,1.0,0.6531793962767652,0.6543744097808905,0.6546659475166346,0.6543334628053913,-0.016000076208300677,0.0008666821371364768,0.449745068413728,0.15450136022343466,0.0018934262580536207,0.456076708199257,0.6542274515288001,0.6542709898951768,0.16867442041197067,0.17531125417911098,0.784891466342701,0.6549816780104064,0.6545695908624097,0.09061635673205128,-0.1728210539203682,-0.0015968088133844521,0.0012408263057875177,0.0018671743989777977,0.654370250445212,0.6543384833094381
Res_DeltaR_jg_min,0.0007339933529316718,-5.3133785984664866e-05,0.0033565993430854585,-0.0017472324467124657,0.9998729406839704,0.9998333088789433,0.9997425063564382,0.9998348824758744,0.6531793962767652,1.0,0.9999738375725725,0.9999705454074919,0.9999657733017001,-0.0018723248963277322,0.0012014381251579168,0.18442910303147086,0.006591350480579369,0.00464057526946323,0.18495905523835346,0.9998295409809718,0.99985176831737,0.019892258027468177,0.013694009811318957,0.7406884226726299,0.9999791025276257,0.9999814759997945,0.0035682284647158653,-0.20031283642055273,0.008174483062945007,-0.005280150414280025,-0.006213886816369317,0.9999739268912707,0.9999701241917458
Res_CosThetaStar_gg,0.0006523106640566905,-5.9019467033352894e-05,0.0033780526593995062,-0.0017197131195155597,0.9998874294494372,0.9998492767548701,0.9997574184973188,0.9998499347404424,0.6543744097808905,0.9999738375725725,1.0,0.999986819814706,0.9999811138907215,-0.002242971697841678,0.0011911990408615108,0.18567019618857294,0.007294052135339447,0.00464967383172232,0.18632333091499415,0.9998448190676239,0.9998676952632709,0.020245561525470558,0.014142407716586975,0.7400156697048377,0.9999879937176012,0.9999900397761653,0.0007738573434441233,-0.2028054408961673,0.00827875643040285,-0.0054810846620359155,-0.006321292839571851,0.9999901852262814,0.9999878636871261
Res_CosThetaStar_jj,0.0006831737926180968,-5.338143885502926e-05,0.003308432242931886,-0.0017363064154850842,0.9998845470768978,0.9998455282810421,0.9997541996277071,0.9998467878080733,0.6546659475166346,0.9999705454074919,0.999986819814706,1.0,0.9999778706232559,-0.00228708052114839,0.001199400310797128,0.18584645719072726,0.007366095769618584,0.004635646172011208,0.186289430076695,0.9998416213415062,0.9998645286899148,0.020285174997550122,0.014214220181913565,0.7405047918011634,0.9999816140058404,0.9999896212917885,0.001626844692035835,-0.20378304631466274,0.008393292028630343,-0.005489065454160507,-0.006283191764667194,0.9999867520953011,0.999983275248675
Res_CosThetaStar_CS,0.003032986239918749,-0.00011615941089938969,0.005397199871180718,-0.0017677608770416194,0.9998505689001501,0.9998410031214506,0.9997404987357185,0.9998405506287054,0.6543334628053913,0.9999657733017001,0.9999811138907215,0.9999778706232559,1.0,-0.0022088921017968358,0.0012085527625505367,0.18569556979283205,0.007306017186520072,0.004642111196613238,0.18632910175776593,0.999836153046713,0.9998593383809805,0.020243710164892174,0.014127978685703457,0.7399788443745537,0.9999750326756073,0.9999836668876675,0.000728260952168274,-0.20284330502422132,0.008416630183808123,-0.005509090065851377,-0.006313952964295027,0.9999812613952271,0.99997914528722
lead_mvaID,0.014518038842421862,0.005310616887233901,0.008829664639201772,-0.003359530016482875,-0.002204008349332987,-0.002234806550070601,-0.0021358427709730486,-0.002208343579446752,-0.016000076208300677,-0.0018723248963277322,-0.002242971697841678,-0.00228708052114839,-0.0022088921017968358,1.0,-0.003404397010716969,-0.02096938280374076,-0.04965090633856789,0.0005965037298617322,-0.01990753757620425,-0.0022067380519920185,-0.0022959774603450553,-0.0005529632127909981,-0.01260984362128916,-0.005643574288817502,-0.001932508056571193,-0.0021899310394491167,0.0238228342161774,0.03200450118565294,-0.1391169119168272,0.512308756614639,-0.0025444472013196723,-0.002271815863428291,-0.002221683384404402
n_leptons,8.818057078729816e-05,0.002905961687226603,0.0009676678854137965,-0.0001270230644594949,0.0012014061383284916,0.0012394839310012709,0.0012127664621855896,0.0012058797246431352,0.0008666821371364768,0.0012014381251579168,0.0011911990408615108,0.001199400310797128,0.0012085527625505367,-0.003404397010716969,1.0,0.004234092484019055,-0.003032361184238404,0.0018049481830836411,0.005287660451531029,0.001223773934453324,0.0011827060455211632,0.005742574485405872,-0.00046149575210956487,-0.002907937497000482,0.001203496390357881,0.0012106795787680863,-0.003629125502938348,-0.0038637684341917876,0.003619489445626722,-0.008668927189177012,-0.0008832275687072338,0.0012046358985274687,0.001203008787357684
n_jets,-0.003732548154827727,0.0015673970152497436,-0.002206066610424443,0.0011006905442653115,0.18563805008538045,0.18570217561708935,0.18568180037900575,0.18561696731176383,0.449745068413728,0.18442910303147086,0.18567019618857294,0.18584645719072726,0.18569556979283205,-0.02096938280374076,0.004234092484019055,1.0,0.09350121448666902,0.006430140815271402,0.8378857064179326,0.18563372085889124,0.185670341980767,0.10248776166079049,0.2860206765287397,0.23040819470375845,0.18556881861765878,0.1856526333928516,-0.03559296337946341,-0.1192757937651245,0.008156063971498975,-0.003985886484434733,-0.0037432290662262227,0.18586922571341824,0.1859968676343629
puppiMET_pt,-0.0025076468503726166,-0.0012593687468873,-0.001920092714650372,-0.004681526431783233,0.00724618641571907,0.007370021612991628,0.007321223153514753,0.007331884519265629,0.15450136022343466,0.006591350480579369,0.007294052135339447,0.007366095769618584,0.007306017186520072,-0.04965090633856789,-0.003032361184238404,0.09350121448666902,1.0,-0.0012232213018297628,0.0927032481015905,0.007304229618081231,0.00733890744916119,0.05021562374854795,0.059840733541645694,0.07058455927899251,0.007237603911709817,0.007279654380081451,-0.020082563298934666,-0.0327898051870828,0.045423565714425164,-0.011166574650977902,-0.0016144388296681462,0.007206658732943046,0.007201594133918374
puppiMET_phi,0.003740336217250575,-0.06120763737961457,0.004250154330392332,-0.04609965668431178,0.004670897615542751,0.005794461797503984,0.004731691435025492,0.003246627047049665,0.0018934262580536207,0.00464057526946323,0.00464967383172232,0.004635646172011208,0.004642111196613238,0.0005965037298617322,0.0018049481830836411,0.006430140815271402,-0.0012232213018297628,1.0,0.003757854286712338,0.0046451749271535945,0.004641623812652774,-0.0015738725207371355,0.0043071804891211315,0.0008554893819305388,0.00463837985792938,0.004640693063793991,-0.0003972410347014103,0.0017974503939220848,-0.001719381226287517,-0.00024346022683879021,0.0009758441149570359,0.004638491870549312,0.004649094999468668
Njets2p5,-0.0027841587632973833,-0.00022787819783106605,0.0022073541042194043,0.000922451558304659,0.18633108983257793,0.18639762756143877,0.18639694080412095,0.1862712004232613,0.456076708199257,0.18495905523835346,0.18632333091499415,0.186289430076695,0.18632910175776593,-0.01990753757620425,0.005287660451531029,0.8378857064179326,0.0927032481015905,0.003757854286712338,1.0,0.18627009934757802,0.1862991736798941,0.13057545075983704,0.2830451105371287,0.24948736506805935,0.1862391766627289,0.18630215189546562,-0.0841295503744614,-0.06722449078913559,0.004017540905692167,-0.0036475155065552457,-0.007806731595448794,0.18654137988750413,0.18690677335114386
Res_DeltaPhi_j1MET,0.0007549463143268574,2.8396489556543718e-05,0.003389827532288608,-0.0017679886703396497,0.9997432397777314,0.9997025525420982,0.9996129740253953,0.9997035253992913,0.6542274515288001,0.9998295409809718,0.9998448190676239,0.9998416213415062,0.999836153046713,-0.0022067380519920185,0.001223773934453324,0.18563372085889124,0.007304229618081231,0.0046451749271535945,0.18627009934757802,1.0,0.9996948074671564,0.020282271809865356,0.014064531728595547,0.739872153485077,0.9998383765537613,0.9998472357113631,0.0005871592501348794,-0.20285943954258046,0.008431236335348122,-0.005519581932822659,-0.006227911473729232,0.9998448800413026,0.9998427770010454
Res_DeltaPhi_j2MET,0.0006629074117153134,-0.00011666009487145685,0.003307884855801174,-0.001709957671343215,0.9997639317418019,0.9997270958571749,0.9996346891378165,0.9997276488927295,0.6542709898951768,0.99985176831737,0.9998676952632709,0.9998645286899148,0.9998593383809805,-0.0022959774603450553,0.0011827060455211632,0.185670341980767,0.00733890744916119,0.004641623812652774,0.1862991736798941,0.9996948074671564,1.0,0.020283906713227665,0.014068921008146773,0.7398997572670648,0.9998613299740365,0.9998702071021116,0.0006179088021895073,-0.2028291798728144,0.008386316870139389,-0.005481890702108991,-0.0062599466130844215,0.9998681619095714,0.999865887927323
Res_chi_t0,-0.000508368672085854,0.0006574599455985939,0.0003977647610920707,-0.0002654599893872216,0.02026572546647969,0.02020282012470656,0.020293818676342834,0.020183232973278824,0.16867442041197067,0.019892258027468177,0.020245561525470558,0.020285174997550122,0.020243710164892174,-0.0005529632127909981,0.005742574485405872,0.10248776166079049,0.05021562374854795,-0.0015738725207371355,0.13057545075983704,0.020282271809865356,0.020283906713227665,1.0,-0.024992372650746643,0.09680023437574929,0.020393859303086136,0.02030182214827335,0.02159463291851307,-0.010900463272634381,0.008571349377175132,0.00041017240391675794,-0.0003248952283876818,0.020260487095894127,0.020320994354744198
Res_chi_t1,-0.004811257786871748,0.005164310711466407,-0.0005401517524213123,0.0028637108840665186,0.014139738070718954,0.01420533393003012,0.014154516569380967,0.01416705944388592,0.17531125417911098,0.013694009811318957,0.014142407716586975,0.014214220181913565,0.014127978685703457,-0.01260984362128916,-0.00046149575210956487,0.2860206765287397,0.059840733541645694,0.0043071804891211315,0.2830451105371287,0.014064531728595547,0.014068921008146773,-0.024992372650746643,1.0,0.10634046186558009,0.014235697198863436,0.014156995375117214,0.00812579508685449,-0.022510688791063604,-0.002014763149633442,-0.00024113055598249972,6.651785987766621e-05,0.014163421582375142,0.014218359425510942
Res_dijet_pt,0.00119176548368673,0.0029549623785485486,0.003379758580427992,-0.002131195361330726,0.7400173357670532,0.739887839363697,0.7399026438605686,0.7399156709824882,0.784891466342701,0.7406884226726299,0.7400156697048377,0.7405047918011634,0.7399788443745537,-0.005643574288817502,-0.002907937497000482,0.23040819470375845,0.07058455927899251,0.0008554893819305388,0.24948736506805935,0.739872153485077,0.7398997572670648,0.09680023437574929,0.10634046186558009,1.0,0.7408868711502914,0.7403016838432872,0.32029368405782416,-0.02719957581905099,-0.0176267667249776,0.010082809666151693,0.0020850098732700263,0.739988068558191,0.7399558098834255
Res_pholead_PtOverM,0.0006820150451319991,-3.3022262127227107e-05,0.0033387076022632833,-0.0017262332188462896,0.9998814537297503,0.9998425600123106,0.9997510984602257,0.9998438843837918,0.6549816780104064,0.9999791025276257,0.9999879937176012,0.9999816140058404,0.9999750326756073,-0.001932508056571193,0.001203496390357881,0.18556881861765878,0.007237603911709817,0.00463837985792938,0.1862391766627289,0.9998383765537613,0.9998613299740365,0.020393859303086136,0.014235697198863436,0.7408868711502914,1.0,0.9999900258111026,0.002489386833433417,-0.20151413571390037,0.008042289380032585,-0.005211893656892888,-0.006269821450596593,0.9999833086493932,0.999980954376371
Res_phosublead_PtOverM,0.0006748145599840353,-5.431125631350406e-05,0.003325109203918116,-0.0017259300276977192,0.9998901188174637,0.9998515319894777,0.9997597874647757,0.9998525292846364,0.6545695908624097,0.9999814759997945,0.9999900397761653,0.9999896212917885,0.9999836668876675,-0.0021899310394491167,0.0012106795787680863,0.1856526333928516,0.007279654380081451,0.004640693063793991,0.18630215189546562,0.9998472357113631,0.9998702071021116,0.02030182214827335,0.014156995375117214,0.7403016838432872,0.9999900258111026,1.0,0.0013192430222678379,-0.2024090971390738,0.008140123160494834,-0.005441771700417089,-0.00623915770453585,0.9999925228164401,0.9999902581865386
Res_FirstJet_PtOverM,0.0027906478033219786,0.00546427524291009,-0.0013414688124143638,-0.004170976292175361,0.0007948034149726414,0.0006406008812942627,0.0007381719516331262,0.000773474108748066,0.09061635673205128,0.0035682284647158653,0.0007738573434441233,0.001626844692035835,0.000728260952168274,0.0238228342161774,-0.003629125502938348,-0.03559296337946341,-0.020082563298934666,-0.0003972410347014103,-0.0841295503744614,0.0005871592501348794,0.0006179088021895073,0.02159463291851307,0.00812579508685449,0.32029368405782416,0.002489386833433417,0.0013192430222678379,1.0,0.447110356389062,-0.043524472685837826,0.029754305865527603,0.015266222899000611,0.000785197146108521,0.0003243737701755247
Res_SecondJet_PtOverM,0.001609756463946724,0.002673904864448345,0.001465051597181994,-0.001352436630128563,-0.2028193384340724,-0.2028324273481443,-0.20279850628876103,-0.20280158653040314,-0.1728210539203682,-0.20031283642055273,-0.2028054408961673,-0.20378304631466274,-0.20284330502422132,0.03200450118565294,-0.0038637684341917876,-0.1192757937651245,-0.0327898051870828,0.0017974503939220848,-0.06722449078913559,-0.20285943954258046,-0.2028291798728144,-0.010900463272634381,-0.022510688791063604,-0.02719957581905099,-0.20151413571390037,-0.2024090971390738,0.447110356389062,1.0,-0.03335256709016682,0.02574467224899665,0.009011887256594384,-0.20283408092143018,-0.20229557707034215
sigma_m_over_m,-0.006397620232011807,-0.0019004548780434893,-0.005730323260061941,-0.0006472035157154035,0.00840989471622707,0.00845627278162556,0.00835469001705275,0.008359507484373046,-0.0015968088133844521,0.008174483062945007,0.00827875643040285,0.008393292028630343,0.008416630183808123,-0.1391169119168272,0.003619489445626722,0.008156063971498975,0.045423565714425164,-0.001719381226287517,0.004017540905692167,0.008431236335348122,0.008386316870139389,0.008571349377175132,-0.002014763149633442,-0.0176267667249776,0.008042289380032585,0.008140123160494834,-0.043524472685837826,-0.03335256709016682,1.0,-0.08588925325804335,-0.16613307400984892,0.008433627136447897,0.008414517866283647
lead_r9,-0.003343302108217721,0.0036801592258589237,-0.0012581601685345016,0.0019972730897901297,-0.005534068488046208,-0.005466673450769138,-0.005562087322043581,-0.005460502614094274,0.0012408263057875177,-0.005280150414280025,-0.0054810846620359155,-0.005489065454160507,-0.005509090065851377,0.512308756614639,-0.008668927189177012,-0.003985886484434733,-0.011166574650977902,-0.00024346022683879021,-0.0036475155065552457,-0.005519581932822659,-0.005481890702108991,0.00041017240391675794,-0.00024113055598249972,0.010082809666151693,-0.005211893656892888,-0.005441771700417089,0.029754305865527603,0.02574467224899665,-0.08588925325804335,1.0,-0.006349853967647154,-0.005503104164305209,-0.0055071163724347135
sublead_r9,0.0016478999317535122,0.0009727420330554978,-0.005298657436048746,0.002487628650398482,-0.006297143680110188,-0.006265634122017402,-0.006330718369839761,-0.006290398815678545,0.0018671743989777977,-0.006213886816369317,-0.006321292839571851,-0.006283191764667194,-0.006313952964295027,-0.0025444472013196723,-0.0008832275687072338,-0.0037432290662262227,-0.0016144388296681462,0.0009758441149570359,-0.007806731595448794,-0.006227911473729232,-0.0062599466130844215,-0.0003248952283876818,6.651785987766621e-05,0.0020850098732700263,-0.006269821450596593,-0.00623915770453585,0.015266222899000611,0.009011887256594384,-0.16613307400984892,-0.006349853967647154,1.0,-0.006320568798273541,-0.0063189588627061465
Res_lead_bjet_btagPNetB,0.000664440341798319,-6.329351112503163e-05,0.0033286669817840877,-0.001734608524145401,0.9998878920283272,0.9998491916282073,0.9997577367515363,0.9998499065295777,0.654370250445212,0.9999739268912707,0.9999901852262814,0.9999867520953011,0.9999812613952271,-0.002271815863428291,0.0012046358985274687,0.18586922571341824,0.007206658732943046,0.004638491870549312,0.18654137988750413,0.9998448800413026,0.9998681619095714,0.020260487095894127,0.014163421582375142,0.739988068558191,0.9999833086493932,0.9999925228164401,0.000785197146108521,-0.20283408092143018,0.008433627136447897,-0.005503104164305209,-0.006320568798273541,1.0,0.9999886774768914
Res_sublead_bjet_btagPNetB,0.0006768604561151563,-5.79675707877992e-05,0.0033346221253916413,-0.001727782626207287,0.9998851801916072,0.9998474383147019,0.9997552613153087,0.9998479498083186,0.6543384833094381,0.9999701241917458,0.9999878636871261,0.999983275248675,0.99997914528722,-0.002221683384404402,0.001203008787357684,0.1859968676343629,0.007201594133918374,0.004649094999468668,0.18690677335114386,0.9998427770010454,0.999865887927323,0.020320994354744198,0.014218359425510942,0.7399558098834255,0.999980954376371,0.9999902581865386,0.0003243737701755247,-0.20229557707034215,0.008414517866283647,-0.0055071163724347135,-0.0063189588627061465,0.9999886774768914,1.0
