mX,mY,region,eff_Loose,eff_Medium,eff_Tight,missing_years
300,90,preselection,0.927699,0.804512,0.661138,
300,95,preselection,0.921902,0.799303,0.654832,
300,100,preselection,0.926688,0.803569,0.655024,
300,125,preselection,0.913297,0.780962,0.625549,
300,150,preselection,0.905117,0.761944,0.597229,
300,170,preselection,0.899667,0.753033,0.579466,
320,90,preselection,0.922587,0.797376,0.650467,
320,95,preselection,0.922757,0.796133,0.646676,
320,100,preselection,0.918313,0.789150,0.639873,
320,125,preselection,0.911801,0.774546,0.614782,
320,150,preselection,0.904251,0.761752,0.595344,
320,170,preselection,0.896365,0.744098,0.569927,
350,90,preselection,0.917302,0.784305,0.630552,
350,95,preselection,0.915674,0.780546,0.627353,
350,100,preselection,0.915439,0.777627,0.625417,
350,125,preselection,0.901859,0.760378,0.597632,
350,150,preselection,0.896775,0.742672,0.571535,
350,170,preselection,0.888743,0.730581,0.553508,
350,200,preselection,0.870162,0.704162,0.518938,2023:no-file
400,90,preselection,0.909128,0.768413,0.607518,
400,95,preselection,0.909481,0.767110,0.603899,
400,100,preselection,0.905879,0.757957,0.595057,
400,125,preselection,0.900352,0.746216,0.579433,
400,150,preselection,0.890340,0.730063,0.556646,
400,170,preselection,0.879845,0.713386,0.539712,
400,200,preselection,0.865960,0.691845,0.506633,
400,250,preselection,0.845948,0.658645,0.469679,
450,90,preselection,0.905026,0.753836,0.588523,
450,95,preselection,0.907510,0.754055,0.583912,
450,100,preselection,0.902868,0.748736,0.581242,
450,125,preselection,0.888410,0.721742,0.551504,
450,150,preselection,0.879321,0.711304,0.536404,
450,170,preselection,0.876150,0.698357,0.520040,
450,200,preselection,0.857186,0.675106,0.491567,
450,250,preselection,0.834714,0.641367,0.450768,
450,300,preselection,0.817740,0.618740,0.425161,
500,90,preselection,0.899657,0.742201,0.571462,
500,95,preselection,0.900775,0.740528,0.569121,
500,100,preselection,0.896336,0.732808,0.560551,
500,125,preselection,0.905666,0.753576,0.584152,2024:no-file
500,150,preselection,0.876737,0.699918,0.521936,
500,170,preselection,0.868486,0.687342,0.503713,
500,200,preselection,0.854185,0.665686,0.481958,
500,250,preselection,0.827813,0.628711,0.440905,
500,300,preselection,0.804816,0.597413,0.406366,
500,350,preselection,0.788900,0.575444,0.384964,
550,90,preselection,0.895092,0.730973,0.555622,
550,95,preselection,0.891330,0.725685,0.552544,
550,100,preselection,0.889846,0.722165,0.548733,
550,125,preselection,0.882241,0.708297,0.529335,
550,150,preselection,0.872662,0.693648,0.510619,
550,170,preselection,0.862635,0.678054,0.496436,
550,200,preselection,0.848490,0.654266,0.464984,
550,250,preselection,0.826034,0.622201,0.431854,
550,300,preselection,0.802655,0.585881,0.399366,
550,350,preselection,0.782391,0.561869,0.371746,
550,400,preselection,0.766349,0.545321,0.357378,
600,90,preselection,0.890801,0.718286,0.543257,
600,95,preselection,0.889459,0.715493,0.538672,
600,100,preselection,0.888091,0.715275,0.538330,
600,125,preselection,0.878642,0.699506,0.524337,
600,150,preselection,0.867882,0.680779,0.501497,
600,170,preselection,0.860171,0.669317,0.485345,
600,200,preselection,0.843969,0.646427,0.461851,
600,250,preselection,0.821468,0.610061,0.419049,
600,300,preselection,0.797648,0.581147,0.388319,
600,350,preselection,0.780137,0.556710,0.364410,
600,400,preselection,0.761602,0.534315,0.344584,
600,450,preselection,0.743223,0.516751,0.330649,
650,90,preselection,0.891312,0.716687,0.534007,
650,95,preselection,0.884804,0.710074,0.531367,
650,100,preselection,0.882784,0.702888,0.521610,
650,125,preselection,0.873268,0.688441,0.507013,
650,150,preselection,0.861633,0.670088,0.488293,
650,170,preselection,0.856717,0.656503,0.473287,
650,200,preselection,0.840677,0.636171,0.449090,
650,250,preselection,0.818131,0.601821,0.412920,
650,300,preselection,0.793236,0.572069,0.382209,
650,350,preselection,0.771892,0.543869,0.357431,
650,400,preselection,0.756379,0.525108,0.335682,
650,450,preselection,0.731305,0.500573,0.314421,
650,500,preselection,0.719881,0.488408,0.302723,
700,90,preselection,0.883075,0.702474,0.521315,
700,95,preselection,0.879122,0.695375,0.513541,
700,100,preselection,0.879450,0.696589,0.516176,
700,125,preselection,0.869437,0.680956,0.499458,
700,150,preselection,0.858915,0.662063,0.480757,
700,170,preselection,0.851549,0.650994,0.468080,
700,200,preselection,0.833282,0.626557,0.440001,
700,250,preselection,0.813599,0.595731,0.407156,
700,300,preselection,0.791317,0.568899,0.377048,
700,350,preselection,0.772306,0.543717,0.353656,
700,400,preselection,0.752438,0.514707,0.328574,
700,450,preselection,0.737815,0.497952,0.314896,
700,500,preselection,0.710416,0.474955,0.294694,
700,550,preselection,0.699455,0.465426,0.284045,
750,90,preselection,0.881798,0.698683,0.515958,
750,95,preselection,0.879383,0.691782,0.507919,
750,100,preselection,0.873686,0.686033,0.504260,
750,125,preselection,0.864349,0.669537,0.488715,
750,150,preselection,0.853686,0.654271,0.467737,
750,170,preselection,0.844561,0.642828,0.457727,
750,200,preselection,0.832012,0.621869,0.434208,
750,250,preselection,0.803828,0.585407,0.397386,
750,300,preselection,0.788159,0.556510,0.368488,
750,350,preselection,0.767610,0.533463,0.346176,
750,400,preselection,0.746291,0.509975,0.323873,
750,450,preselection,0.728652,0.491220,0.307249,
750,500,preselection,0.710563,0.471553,0.288799,
750,550,preselection,0.690130,0.451161,0.276563,
750,600,preselection,0.681854,0.444107,0.268718,
800,90,preselection,0.877010,0.691036,0.507895,
800,95,preselection,0.875625,0.687166,0.500813,
800,100,preselection,0.870969,0.681401,0.495057,
800,125,preselection,0.862470,0.663075,0.481054,
800,150,preselection,0.850082,0.649841,0.464226,
800,170,preselection,0.841293,0.636065,0.449306,
800,200,preselection,0.828794,0.617642,0.428457,
800,250,preselection,0.803593,0.580981,0.392818,
800,300,preselection,0.783297,0.552713,0.364328,
800,350,preselection,0.765491,0.531001,0.342998,
800,400,preselection,0.746542,0.507235,0.319270,
800,450,preselection,0.725633,0.483273,0.302618,
800,500,preselection,0.703694,0.465105,0.286379,
800,550,preselection,0.689055,0.448638,0.271743,
800,600,preselection,0.674368,0.434771,0.262570,
800,650,preselection,0.660797,0.425079,0.253500,
850,90,preselection,0.878114,0.690474,0.506356,
850,95,preselection,0.872343,0.681516,0.493462,
850,100,preselection,0.869094,0.675721,0.491390,
850,125,preselection,0.856684,0.656830,0.472115,
850,150,preselection,0.846392,0.642101,0.456775,
850,170,preselection,0.838711,0.630791,0.443293,
850,200,preselection,0.820220,0.602506,0.418859,
850,250,preselection,0.796298,0.571537,0.380701,
850,300,preselection,0.779574,0.546536,0.360534,
850,350,preselection,0.756498,0.520640,0.332965,
850,400,preselection,0.741029,0.501307,0.315563,
850,450,preselection,0.722359,0.478142,0.298468,
850,500,preselection,0.707591,0.463236,0.285551,
850,550,preselection,0.690137,0.442852,0.268865,
850,600,preselection,0.671225,0.425156,0.254365,
850,650,preselection,0.653542,0.413630,0.245315,
850,700,preselection,0.645780,0.405779,0.238823,
900,90,preselection,0.876084,0.689452,0.502000,
900,95,preselection,0.869142,0.677041,0.488570,
900,100,preselection,0.865394,0.671940,0.485596,
900,125,preselection,0.854116,0.651999,0.464404,
900,150,preselection,0.839246,0.634919,0.446322,
900,170,preselection,0.835158,0.624863,0.438320,
900,200,preselection,0.818600,0.601054,0.415711,
900,250,preselection,0.796489,0.568411,0.379660,
900,300,preselection,0.775765,0.541099,0.354629,
900,350,preselection,0.750920,0.513342,0.330057,
900,400,preselection,0.736726,0.493818,0.311649,
900,450,preselection,0.714866,0.471203,0.292235,
900,500,preselection,0.702265,0.457517,0.279267,
900,550,preselection,0.685190,0.441077,0.267677,
900,600,preselection,0.670040,0.426783,0.256153,
900,650,preselection,0.652594,0.408319,0.241561,
900,700,preselection,0.640053,0.402097,0.233326,
950,90,preselection,0.875404,0.685254,0.499382,
950,95,preselection,0.871254,0.677306,0.489660,
950,100,preselection,0.864938,0.669607,0.482428,
950,125,preselection,0.849147,0.646889,0.460255,
950,150,preselection,0.839949,0.628944,0.443539,
950,170,preselection,0.828532,0.616057,0.427340,
950,200,preselection,0.814471,0.595978,0.408785,
950,250,preselection,0.790983,0.561676,0.374127,
950,300,preselection,0.770114,0.533683,0.348367,
950,350,preselection,0.752650,0.509048,0.326742,
950,400,preselection,0.732143,0.488609,0.305626,
950,450,preselection,0.715700,0.468259,0.291999,
950,500,preselection,0.701057,0.450931,0.276806,
950,550,preselection,0.682829,0.433894,0.264363,
950,600,preselection,0.666048,0.419574,0.251054,
950,650,preselection,0.650731,0.405629,0.239997,
950,700,preselection,0.640825,0.399328,0.233218,
950,800,preselection,0.615553,0.372565,0.214151,
1000,90,preselection,0.877797,0.685544,0.501323,
1000,95,preselection,0.871676,0.676964,0.492152,
1000,100,preselection,0.862892,0.666576,0.478364,
1000,125,preselection,0.846199,0.638001,0.451891,
1000,150,preselection,0.835354,0.627701,0.441202,
1000,170,preselection,0.827840,0.615061,0.429391,
1000,200,preselection,0.808702,0.591342,0.405652,
1000,250,preselection,0.788893,0.559047,0.371053,
1000,300,preselection,0.769215,0.529991,0.344702,
1000,350,preselection,0.749625,0.505643,0.324384,
1000,400,preselection,0.727009,0.479855,0.299406,
1000,450,preselection,0.714277,0.467303,0.286872,
1000,500,preselection,0.693064,0.444063,0.271589,
1000,550,preselection,0.680084,0.433850,0.260479,
1000,600,preselection,0.665940,0.416922,0.248864,
1000,650,preselection,0.651964,0.406499,0.240498,
1000,700,preselection,0.633247,0.385098,0.226179,
1000,800,preselection,0.608770,0.369863,0.213106,
300,90,srbbgg,0.840676,0.652212,0.464151,
300,95,srbbgg,0.833484,0.648362,0.459898,
300,100,srbbgg,0.844791,0.662224,0.467945,
300,125,srbbgg,0.838828,0.654456,0.458946,
300,150,srbbgg,0.840623,0.659869,0.462615,
300,170,srbbgg,0.837815,0.655903,0.449338,
320,90,srbbgg,0.838117,0.647137,0.454927,
320,95,srbbgg,0.840244,0.652148,0.456540,
320,100,srbbgg,0.831050,0.643978,0.450145,
320,125,srbbgg,0.833400,0.647559,0.447489,
320,150,srbbgg,0.835274,0.654228,0.459541,
320,170,srbbgg,0.829628,0.641211,0.434808,
350,90,srbbgg,0.830310,0.635334,0.437880,
350,95,srbbgg,0.829214,0.640637,0.445470,
350,100,srbbgg,0.830030,0.632472,0.436241,
350,125,srbbgg,0.817391,0.627180,0.423221,
350,150,srbbgg,0.819878,0.619111,0.420400,
350,170,srbbgg,0.816548,0.620409,0.416697,
350,200,srbbgg,0.799469,0.607802,0.399913,2023:no-file
400,90,srbbgg,0.831291,0.636864,0.440308,
400,95,srbbgg,0.829418,0.631066,0.429671,
400,100,srbbgg,0.815424,0.616142,0.421491,
400,125,srbbgg,0.819425,0.613136,0.412248,
400,150,srbbgg,0.812651,0.610521,0.406787,
400,170,srbbgg,0.799824,0.593618,0.393236,
400,200,srbbgg,0.795249,0.587834,0.382104,
400,250,srbbgg,0.781717,0.572345,0.366820,
450,90,srbbgg,0.829606,0.623714,0.423090,
450,95,srbbgg,0.836021,0.625751,0.417108,
450,100,srbbgg,0.827179,0.623571,0.419636,
450,125,srbbgg,0.809086,0.592933,0.392428,
450,150,srbbgg,0.799520,0.583868,0.385418,
450,170,srbbgg,0.796014,0.575490,0.372732,
450,200,srbbgg,0.779202,0.564733,0.365622,
450,250,srbbgg,0.764776,0.546346,0.340482,
450,300,srbbgg,0.752516,0.537506,0.332655,
500,90,srbbgg,0.834450,0.622158,0.414069,
500,95,srbbgg,0.829253,0.614077,0.409750,
500,100,srbbgg,0.825490,0.611828,0.401990,
500,125,srbbgg,0.834229,0.626921,0.421362,2024:no-file
500,150,srbbgg,0.797399,0.572371,0.369022,
500,170,srbbgg,0.788678,0.564235,0.356547,
500,200,srbbgg,0.776874,0.549054,0.349600,
500,250,srbbgg,0.755884,0.530420,0.327230,
500,300,srbbgg,0.737912,0.511325,0.309488,
500,350,srbbgg,0.717224,0.493039,0.298510,
550,90,srbbgg,0.828138,0.612854,0.404927,
550,95,srbbgg,0.822203,0.604408,0.400919,
550,100,srbbgg,0.821535,0.602492,0.396923,
550,125,srbbgg,0.807303,0.583484,0.378981,
550,150,srbbgg,0.798216,0.572500,0.362926,
550,170,srbbgg,0.783478,0.554855,0.353296,
550,200,srbbgg,0.770541,0.538994,0.335219,
550,250,srbbgg,0.748326,0.518196,0.320247,
550,300,srbbgg,0.724923,0.490098,0.294958,
550,350,srbbgg,0.708446,0.474131,0.281240,
550,400,srbbgg,0.698193,0.467195,0.275567,
600,90,srbbgg,0.830627,0.609375,0.402820,
600,95,srbbgg,0.826183,0.603926,0.394333,
600,100,srbbgg,0.815012,0.592449,0.388469,
600,125,srbbgg,0.807259,0.578796,0.375618,
600,150,srbbgg,0.791074,0.556124,0.348330,
600,170,srbbgg,0.787424,0.554570,0.346867,
600,200,srbbgg,0.765392,0.526616,0.326398,
600,250,srbbgg,0.745136,0.506714,0.305727,
600,300,srbbgg,0.721377,0.482095,0.283700,
600,350,srbbgg,0.704160,0.470821,0.271383,
600,400,srbbgg,0.687130,0.448020,0.257943,
600,450,srbbgg,0.671416,0.439014,0.253304,
650,90,srbbgg,0.828363,0.607489,0.391003,
650,95,srbbgg,0.819776,0.598601,0.389835,
650,100,srbbgg,0.818175,0.590864,0.381345,
650,125,srbbgg,0.800914,0.569607,0.358914,
650,150,srbbgg,0.788151,0.553253,0.347028,
650,170,srbbgg,0.779976,0.536819,0.329770,
650,200,srbbgg,0.765127,0.521235,0.320027,
650,250,srbbgg,0.742287,0.495366,0.301253,
650,300,srbbgg,0.715410,0.473653,0.278755,
650,350,srbbgg,0.691168,0.447800,0.261762,
650,400,srbbgg,0.679087,0.436373,0.246654,
650,450,srbbgg,0.656829,0.419049,0.235363,
650,500,srbbgg,0.646357,0.413423,0.228239,
700,90,srbbgg,0.821126,0.596141,0.384740,
700,95,srbbgg,0.821847,0.588263,0.379353,
700,100,srbbgg,0.817250,0.585131,0.380288,
700,125,srbbgg,0.799118,0.562429,0.353771,
700,150,srbbgg,0.781665,0.542673,0.339173,
700,170,srbbgg,0.776751,0.529276,0.325063,
700,200,srbbgg,0.756055,0.511373,0.309042,
700,250,srbbgg,0.738039,0.488127,0.285858,
700,300,srbbgg,0.717716,0.473380,0.278593,
700,350,srbbgg,0.697195,0.452867,0.260689,
700,400,srbbgg,0.674534,0.425429,0.239114,
700,450,srbbgg,0.660846,0.409249,0.228834,
700,500,srbbgg,0.633152,0.392441,0.213884,
700,550,srbbgg,0.620982,0.385486,0.206199,
750,90,srbbgg,0.819820,0.588564,0.377905,
750,95,srbbgg,0.818382,0.585611,0.375269,
750,100,srbbgg,0.810047,0.578716,0.369585,
750,125,srbbgg,0.797225,0.555171,0.350510,
750,150,srbbgg,0.781563,0.537295,0.328795,
750,170,srbbgg,0.770890,0.527458,0.321986,
750,200,srbbgg,0.755207,0.507887,0.306575,
750,250,srbbgg,0.728205,0.480221,0.283114,
750,300,srbbgg,0.710600,0.455970,0.266762,
750,350,srbbgg,0.689308,0.436150,0.249492,
750,400,srbbgg,0.668819,0.417823,0.230240,
750,450,srbbgg,0.649242,0.407717,0.225772,
750,500,srbbgg,0.629387,0.388621,0.207963,
750,550,srbbgg,0.609940,0.372060,0.203288,
750,600,srbbgg,0.604779,0.368392,0.195916,
800,90,srbbgg,0.816128,0.583483,0.373636,
800,95,srbbgg,0.814362,0.578510,0.367988,
800,100,srbbgg,0.810857,0.577199,0.362406,
800,125,srbbgg,0.797548,0.551312,0.344226,
800,150,srbbgg,0.778549,0.535836,0.326830,
800,170,srbbgg,0.768691,0.521917,0.316100,
800,200,srbbgg,0.753003,0.500675,0.299846,
800,250,srbbgg,0.726766,0.476812,0.280098,
800,300,srbbgg,0.708650,0.452579,0.260459,
800,350,srbbgg,0.686136,0.438385,0.247454,
800,400,srbbgg,0.667587,0.415190,0.229167,
800,450,srbbgg,0.642384,0.396646,0.218004,
800,500,srbbgg,0.619226,0.378343,0.204895,
800,550,srbbgg,0.606337,0.362024,0.194952,
800,600,srbbgg,0.595005,0.358107,0.189976,
800,650,srbbgg,0.582527,0.349688,0.188769,
850,90,srbbgg,0.814969,0.587132,0.375605,
850,95,srbbgg,0.811568,0.578077,0.360990,
850,100,srbbgg,0.805806,0.565530,0.358263,
850,125,srbbgg,0.792623,0.550681,0.342205,
850,150,srbbgg,0.776000,0.529017,0.324373,
850,170,srbbgg,0.767540,0.518887,0.310994,
850,200,srbbgg,0.749549,0.495658,0.296705,
850,250,srbbgg,0.719561,0.465761,0.267151,
850,300,srbbgg,0.703712,0.444631,0.253575,
850,350,srbbgg,0.679547,0.427279,0.238936,
850,400,srbbgg,0.663226,0.407133,0.221796,
850,450,srbbgg,0.640745,0.390204,0.213577,
850,500,srbbgg,0.625512,0.377052,0.202341,
850,550,srbbgg,0.602558,0.359671,0.190915,
850,600,srbbgg,0.585669,0.339444,0.179574,
850,650,srbbgg,0.568103,0.336068,0.179790,
850,700,srbbgg,0.566396,0.330911,0.166983,
900,90,srbbgg,0.809509,0.577719,0.359407,
900,95,srbbgg,0.806044,0.568360,0.357927,
900,100,srbbgg,0.801521,0.565454,0.353623,
900,125,srbbgg,0.789621,0.539613,0.328665,
900,150,srbbgg,0.767187,0.520229,0.311717,
900,170,srbbgg,0.764585,0.510661,0.307616,
900,200,srbbgg,0.744099,0.488382,0.288538,
900,250,srbbgg,0.719484,0.463076,0.264527,
900,300,srbbgg,0.698933,0.440606,0.250485,
900,350,srbbgg,0.669283,0.414749,0.231946,
900,400,srbbgg,0.657057,0.400655,0.221530,
900,450,srbbgg,0.632606,0.380484,0.205779,
900,500,srbbgg,0.622731,0.371703,0.199358,
900,550,srbbgg,0.602747,0.354323,0.189247,
900,600,srbbgg,0.582872,0.342519,0.180953,
900,650,srbbgg,0.566404,0.326770,0.168511,
900,700,srbbgg,0.555106,0.325005,0.167884,
950,90,srbbgg,0.802049,0.561330,0.349770,
950,95,srbbgg,0.808370,0.570309,0.353589,
950,100,srbbgg,0.800653,0.563346,0.351782,
950,125,srbbgg,0.782753,0.539996,0.328846,
950,150,srbbgg,0.770109,0.515619,0.311228,
950,170,srbbgg,0.755459,0.502287,0.295533,
950,200,srbbgg,0.741566,0.486624,0.284038,
950,250,srbbgg,0.715295,0.456511,0.261147,
950,300,srbbgg,0.695506,0.434218,0.242968,
950,350,srbbgg,0.676032,0.413263,0.230159,
950,400,srbbgg,0.653788,0.398129,0.218993,
950,450,srbbgg,0.637176,0.378745,0.205903,
950,500,srbbgg,0.619668,0.364409,0.196972,
950,550,srbbgg,0.597989,0.349782,0.186536,
950,600,srbbgg,0.583912,0.336021,0.177223,
950,650,srbbgg,0.568092,0.323891,0.168978,
950,700,srbbgg,0.557386,0.322236,0.162703,
950,800,srbbgg,0.529387,0.299574,0.152027,
1000,90,srbbgg,0.796857,0.554874,0.343100,
1000,95,srbbgg,0.800206,0.555238,0.344017,
1000,100,srbbgg,0.793554,0.555313,0.344428,
1000,125,srbbgg,0.778674,0.528638,0.320762,
1000,150,srbbgg,0.765315,0.515812,0.310246,
1000,170,srbbgg,0.755879,0.500353,0.298534,
1000,200,srbbgg,0.737051,0.483249,0.281335,
1000,250,srbbgg,0.714402,0.453279,0.258693,
1000,300,srbbgg,0.694147,0.429107,0.238746,
1000,350,srbbgg,0.671643,0.409881,0.228221,
1000,400,srbbgg,0.649704,0.384326,0.210319,
1000,450,srbbgg,0.635538,0.375046,0.200510,
1000,500,srbbgg,0.608446,0.354972,0.189352,
1000,550,srbbgg,0.601792,0.350363,0.182443,
1000,600,srbbgg,0.579450,0.327423,0.167819,
1000,650,srbbgg,0.568810,0.326518,0.168761,
1000,700,srbbgg,0.545884,0.300342,0.151254,
1000,800,srbbgg,0.520264,0.292692,0.145496,
