mX,mY,2022,2023,2024,combined
300,90,0.880107,0.0754808,2.3208,3.27638
300,95,0.637755,0.0842274,10.0364,10.7584
300,100,3.21381,0.0746131,4.14467,7.43308
300,125,0.914805,0.966074,1.48614,3.36702
300,150,1.58541,0.950921,5.75377,8.2901
300,170,0.600917,1.20255,2.78059,4.58405
320,90,0.658864,0.0708748,2.64289,3.37263
320,95,0.718242,0.0751606,2.65504,3.44845
320,100,0.703313,0.0748354,2.20968,2.98783
320,125,0.882783,1.0115,2.36014,4.25442
320,150,3.2149,1.21592,1.47792,5.90874
320,170,0.831709,1.00242,3.09602,4.93014
350,90,0.88896,0.261244,4.4591,5.6093
350,95,0.894384,0.257838,2.69054,3.84276
350,100,0.791506,2.58373,2.69863,6.07387
350,125,0.598498,2.04141,6.33955,8.97946
350,150,0.983624,0.950762,4.6727,6.60709
350,170,0.42783,0.907755,1.48371,2.81929
350,200,0.601042,,3.1522,3.75325
400,90,0.705742,0.496182,2.48599,3.68791
400,95,0.685268,0.213374,2.33099,3.22963
400,100,0.627169,0.207117,2.32626,3.16055
400,125,1.00061,2.60757,2.77795,6.38613
400,150,0.626734,1.2697,3.10443,5.00087
400,170,0.704742,0.770118,5.20886,6.68372
400,200,1.01955,0.0750498,3.32769,4.4223
400,250,0.791889,0.082874,5.16241,6.03718
450,90,0.800254,0.209112,2.83867,3.84804
450,95,0.577405,0.667247,2.56831,3.81296
450,100,0.695569,0.21479,3.18844,4.0988
450,125,0.796259,0.512573,2.31119,3.62002
450,150,0.765811,0.257838,2.89299,3.91664
450,170,0.698314,0.69779,2.34409,3.74019
450,200,0.917102,0.576964,3.78389,5.27795
450,250,0.726116,0.0755945,3.10558,3.90729
450,300,0.433114,0.0816183,1.49139,2.00612
500,90,0.902063,0.655324,2.6566,4.21399
500,95,0.327355,0.546517,1.69713,2.571
500,100,0.516168,0.568364,2.72053,3.80506
500,125,0.591521,0.212466,,0.803987
500,150,0.998544,0.215739,2.34664,3.56092
500,170,1.04817,0.255022,2.23732,3.54051
500,200,0.70523,0.259848,2.13747,3.10255
500,250,0.693355,0.939776,2.36469,3.99782
500,300,0.426881,0.0761582,9.85244,10.3555
500,350,0.973567,0.0848654,3.09667,4.1551
550,90,0.269429,0.254318,1.8475,2.37125
550,95,0.315465,0.215439,1.55484,2.08575
550,100,0.303788,0.219256,1.86246,2.3855
550,125,1.58318,0.1804,2.99863,4.76221
550,150,0.641344,0.525948,2.09012,3.25741
550,170,0.700329,0.49879,2.43165,3.63077
550,200,0.845094,0.245508,2.99305,4.08365
550,250,0.744977,0.7085,3.12086,4.57434
550,300,1.02155,2.30786,3.08372,6.41313
550,350,0.871913,0.57042,2.50883,3.95116
550,400,0.429027,0.0842274,3.98926,4.50251
600,90,0.250137,0.205789,1.56356,2.01948
600,95,2.0803,0.22015,1.50671,3.80716
600,100,0.267444,0.209816,1.85866,2.33592
600,125,0.254079,0.209112,1.61657,2.07976
600,150,0.313824,0.215006,1.7844,2.31323
600,170,0.744977,0.224939,1.56356,2.53347
600,200,0.658864,0.208339,2.08855,2.95575
600,250,0.784464,0.49879,2.02788,3.31113
600,300,0.629016,0.261244,2.54255,3.4328
600,350,0.62617,0.262654,3.88608,4.77491
600,400,0.601543,0.0750498,2.55646,3.23305
600,450,0.77133,0.0754644,2.49429,3.34108
650,90,0.273364,0.207603,1.86435,2.34532
650,95,0.276218,0.228973,1.5448,2.04999
650,100,0.268827,0.208262,1.87212,2.34921
650,125,0.268875,0.201481,1.7558,2.22616
650,150,0.282656,0.201481,1.62731,2.11145
650,170,0.273292,0.215006,1.65961,2.14791
650,200,0.509051,0.184877,2.16668,2.86061
650,250,0.516787,0.567811,2.12321,3.2078
650,300,0.740774,0.502649,2.36469,3.60811
650,350,0.545144,0.260127,2.11213,2.9174
650,400,0.577316,0.264254,2.51118,3.35275
650,450,0.537747,0.0731621,2.29385,2.90476
650,500,0.594736,0.0777888,2.76361,3.43613
700,90,0.224815,0.208587,1.68478,2.11818
700,95,3.14766,0.182226,1.49821,4.8281
700,100,0.237498,0.189844,1.05189,1.47923
700,125,0.268875,0.215439,1.70665,2.19096
700,150,0.214054,0.207265,1.37058,1.7919
700,170,0.251312,0.163686,1.7076,2.1226
700,200,0.27425,0.207603,1.57846,2.06031
700,250,0.747461,0.204753,1.50782,2.46004
700,300,0.731102,0.205789,2.43669,3.37358
700,350,0.533642,0.208339,2.74906,3.49104
700,400,0.617639,0.60264,2.88223,4.1025
700,450,0.688598,0.495769,1.92949,3.11386
700,500,1.12939,0.630319,2.34092,4.10063
700,550,0.80198,0.0801365,3.1814,4.06352
750,90,0.222223,0.207265,0.951363,1.38085
750,95,0.222408,0.183813,1.00627,1.41249
750,100,0.220185,0.199917,0.974946,1.39505
750,125,0.234538,0.183813,0.9811,1.39945
750,150,0.206241,0.2144,1.70651,2.12715
750,170,0.268875,0.192205,1.83229,2.29337
750,200,0.218581,0.172753,1.97953,2.37087
750,250,0.281587,0.189127,1.71237,2.18309
750,300,0.271694,0.220242,1.54824,2.04018
750,350,0.968868,0.222284,1.54824,2.7394
750,400,1.08911,0.21479,2.296,3.5999
750,450,0.857033,0.503383,3.43712,4.79753
750,500,0.792054,0.505918,1.93754,3.23552
750,550,0.62604,0.257838,2.60407,3.48795
750,600,0.442391,0.0960893,4.15849,4.69697
800,90,0.268827,0.184877,0.974154,1.42786
800,95,0.260999,0.177382,0.809571,1.24795
800,100,0.21838,0.138668,0.828235,1.18528
800,125,0.206112,0.196896,2.00532,2.40833
800,150,0.201319,0.18948,1.70785,2.09864
800,170,0.230332,0.19571,0.966588,1.39263
800,200,0.205751,0.177455,1.05945,1.44266
800,250,0.26517,0.183189,2.05068,2.49904
800,300,0.278868,0.190825,1.81721,2.2869
800,350,0.268855,0.205768,1.53307,2.00769
800,400,0.297921,0.23806,1.66416,2.20015
800,450,1.02546,0.574871,1.52902,3.12936
800,500,0.485916,0.716396,2.86039,4.0627
800,550,0.872772,0.59608,2.45482,3.92368
800,600,0.668345,0.504169,2.59213,3.76465
800,650,0.687437,0.0802804,8.11365,8.88137
850,90,0.219473,0.163357,0.986215,1.36904
850,95,0.250137,0.193261,0.897424,1.34082
850,100,0.203018,0.173183,0.940733,1.31693
850,125,0.21143,0.167804,0.938741,1.31797
850,150,0.224815,0.142815,1.01453,1.38216
850,170,0.21856,0.184201,1.02307,1.42583
850,200,0.246575,0.166213,0.977017,1.3898
850,250,0.206811,0.215203,1.04638,1.46839
850,300,0.230766,0.19498,1.64037,2.06612
850,350,0.231139,0.177382,1.47287,1.88139
850,400,1.01766,0.215439,1.70747,2.94056
850,450,0.271479,0.677661,1.68249,2.63163
850,500,0.298194,0.201481,1.61763,2.1173
850,550,0.474027,0.792873,3.74113,5.00803
850,600,0.463097,0.700407,2.83174,3.99525
850,650,0.833075,0.224651,2.99102,4.04874
850,700,0.611583,0.253617,8.50396,9.36915
900,90,0.217981,0.197794,0.91258,1.32835
900,95,0.18893,0.183392,0.897159,1.26948
900,100,0.254079,0.156173,0.913594,1.32385
900,125,0.69524,0.163357,0.848682,1.70728
900,150,0.230766,0.177,0.920889,1.32866
900,170,0.206241,0.179251,0.920889,1.30638
900,200,0.225886,0.193027,0.94478,1.36369
900,250,0.230154,0.17092,0.976384,1.37746
900,300,0.236249,0.215871,1.8155,2.26762
900,350,0.21722,0.207673,3.23921,3.66411
900,400,0.247996,0.205768,1.51947,1.97323
900,450,0.25222,0.224651,1.55809,2.03496
900,500,0.279985,0.669526,2.88846,3.83797
900,550,0.556607,0.585565,1.83229,2.97446
900,600,0.43733,0.592195,3.50936,4.53888
900,650,0.487851,0.509181,3.3973,4.39433
900,700,0.676,0.215203,4.06692,4.95812
950,90,0.220439,0.169672,0.970051,1.36016
950,95,0.217602,0.18965,0.903836,1.31109
950,100,0.224296,0.182226,0.809141,1.21566
950,125,0.210328,0.185126,0.837485,1.23294
950,150,0.190011,0.16798,0.854518,1.21251
950,170,0.209841,0.171563,0.910277,1.29168
950,200,0.222223,0.172529,0.902592,1.29734
950,250,0.24689,0.175438,1.01682,1.43915
950,300,0.218581,0.138844,1.73465,2.09208
950,350,0.219473,0.183467,2.09139,2.49433
950,400,0.224815,0.205789,1.99582,2.42642
950,450,0.272373,0.179251,1.8602,2.31183
950,500,0.268827,0.253617,1.47056,1.99301
950,550,0.294229,0.546536,1.45015,2.29091
950,600,0.324908,0.576964,1.69148,2.59335
950,650,0.499471,0.700257,1.91721,3.11694
950,700,1.0127,1.37259,1.64325,4.02854
950,800,0.874328,0.270288,2.36679,3.51141
1000,90,0.203048,0.164227,0.85328,1.22055
1000,95,0.192214,0.166318,0.93742,1.29595
1000,100,0.204482,0.167804,0.848682,1.22097
1000,125,0.204835,0.158164,0.914686,1.27769
1000,150,0.204482,0.189037,0.942766,1.33629
1000,170,0.213446,0.1804,0.91258,1.30643
1000,200,0.203048,0.156173,0.907344,1.26656
1000,250,0.220003,0.163714,0.953956,1.33767
1000,300,0.227144,0.176673,1.68237,2.08619
1000,350,0.207878,0.179049,1.9228,2.30973
1000,400,0.199954,0.18463,1.67171,2.0563
1000,450,0.231803,0.176509,1.47677,1.88508
1000,500,0.269984,0.224651,1.87498,2.36962
1000,550,0.273364,0.219256,1.79077,2.28339
1000,600,0.309294,0.213629,1.52142,2.04434
1000,650,1.39476,1.34522,1.56411,4.30409
1000,700,0.439986,1.31187,1.52898,3.28083
1000,800,0.627188,0.609148,4.1893,5.42563
